{"cameraMode":{"drawMode":0,"name":"Shaded","section":"Shading Mode"},"sceneLighting":true,"audioPlay":false,"sceneViewState":{"m_AlwaysRefresh":false,"showFog":true,"showSkybox":true,"showFlares":true,"showImageEffects":true,"showParticleSystems":true,"showVisualEffectGraphs":true,"m_FxEnabled":true},"in2DMode":false,"pivot":{"x":-0.30112478137016299,"y":1.555857539176941,"z":10.48288631439209},"rotation":{"x":0.009745237417519093,"y":-0.9893408417701721,"z":-0.07430765777826309,"w":-0.12616020441055299},"size":0.8458576798439026,"orthographic":false}